decision,company,role,url,source,track,work_model,location,posted_relative,fetched_at,suggested_lane,suggested_cluster,confidence,reason,evidence_basis,grad_display_hint,user_confirm,apply_url,apply_url_confidence,apply_ats,apply_matched_title,apply_resolve_evidence
later,Albertsons Companies,Principal Data Scientist,https://jobright.ai/jobs/info/6a877934e8b6601d12903c89,jobright_matches,,,,,2026-08-20T18:02:47-04:00,broad,data_ml,medium,fit_priority: Principal seniority is above the new-grad target; work_model/location blank so evidence is incomplete.,board_fields,n/a,,,,,,
later,Aurora,Staff Software Engineer - Core Services,https://jobright.ai/jobs/info/6a87232ad34f700f87fc3a9c,jobright_matches,,,,,2026-08-20T18:02:47-04:00,broad,cloud_swe,medium,fit_priority: Staff SWE is above the new-grad target; work_model/location blank so evidence is incomplete.,board_fields,n/a,,,,,,
later,Brighton Collectibles,Data Engineer,https://jobright.ai/jobs/info/6a8778c6e8b6601d12903c6c,jobright_matches,,,,,2026-08-20T18:02:47-04:00,broad,data_ml,medium,"fit_priority: data-engineer title is in-cluster, but Matches fields have no work_model, location, or start window.",board_fields,n/a,,,,,,
later,CertainTeed,Lead Master Data Analyst,https://jobright.ai/jobs/info/6a877813e8b6601d12903c57,jobright_matches,,,,,2026-08-20T18:02:47-04:00,practice,data_ml,medium,"fit_priority: Lead master-data analyst is light analytics / seniority, not core SWE/ML; Matches evidence incomplete.",board_fields,n/a,,,,,,
keep,Decagon,Agent Data Scientist,https://jobright.ai/jobs/info/6a8717384afae74a0834690b,jobright_matches,,,,,2026-08-20T18:02:47-04:00,core,data_ml,medium,fit_priority: Agent Data Scientist matches emerging agents interest; work_model blank so remote is not assumed.,board_fields,dual_date,,https://jobs.ashbyhq.com/decagon/5433ff3a-9a7c-406b-9dd8-23094141b907,exact,ashby,Agent Data Scientist,title overlap 1.00 on ashby board 'decagon' (136 postings)
later,General Dynamics Mission Systems,Front-End GAIAA Software Engineer,https://jobright.ai/jobs/info/6a877732cde3717f9e9b245d,jobright_matches,,,,,2026-08-20T18:02:47-04:00,practice,cloud_swe,medium,fit_priority: generic front-end SWE; Matches fields have no work_model/location.,board_fields,n/a,,,,,,
later,JMT,Transit Operations Application Developer,https://jobright.ai/jobs/info/6a8778aa25fc4e7ae3dad711,jobright_matches,,,,,2026-08-20T18:02:47-04:00,broad,cloud_swe,medium,"fit_priority: application-developer title is adjacent, not a core cloud/ML cluster role; Matches evidence incomplete.",board_fields,n/a,,,,,,
keep,"Lowe's Companies, Inc.",Software Engineer - ML,https://jobright.ai/jobs/info/6a877848cde3717f9e9b248d,jobright_matches,,,,,2026-08-20T18:02:47-04:00,core,data_ml,medium,fit_priority: Software Engineer - ML is a core data_ml fit; work_model blank so remote is not assumed.,board_fields,dual_date,,,none,,,
later,MANTECH,Senior Software Developer,https://jobright.ai/jobs/info/6a0b7ad322d0d34036c8ccc7,jobright_matches,,,,,2026-08-20T18:02:47-04:00,broad,cloud_swe,medium,fit_priority: Senior Software Developer is above the new-grad target; Matches evidence incomplete.,board_fields,n/a,,,,,,
later,Principal México,Experienced Software Engineer (Hybrid),https://jobright.ai/jobs/info/6a87793fe8b6601d12903c91,jobright_matches,,,,,2026-08-20T18:02:47-04:00,broad,cloud_swe,medium,fit_priority: Experienced SWE and a Mexico-branded employer are off the US new-grad target; Matches evidence incomplete.,board_fields,n/a,,,,,,
later,Sysco,Software Dev Engineer Intern,https://jobright.ai/jobs/info/6a869954d34f700f87fc1edf,jobright_matches,,,,,2026-08-20T18:02:47-04:00,core,cloud_swe,medium,"intern_ok + fit_priority: SWE intern is in-cluster, but board fields show no 2027 term so timing is uncertain.",board_fields,n/a,,,,,,
skip,T-Mobile,Sr. AI Commercialization Strategy Manager,https://jobright.ai/jobs/info/6a8777224afae74a08348c11,jobright_matches,,,,,2026-08-20T18:02:47-04:00,practice,data_ml,high,"non_target_role: Sr. AI Commercialization Strategy Manager is a strategy/manager role, not SWE/data/ML engineering.",board_fields,n/a,,,,,,
skip,Amazon,Robotics - Software Development Engineer Intern/Co-op - 2026,https://jobright.ai/jobs/info/692fa8a6fa28370be26ac820,intern_list,internship_if_eligible,On Site,"Arlington, VA; Nashville, TN",2 hours ago,2026-08-20T18:02:59-04:00,core,cloud_swe,high,start_date_conflict + timing_expired: title is Robotics SDE Intern/Co-op - 2026.,board_fields,n/a,,,,,,
keep,Blue Shield of California,Intern - Data Full Stack Engineer,https://jobright.ai/jobs/info/6a87391be8b6601d12902637,intern_list,internship_if_eligible,Hybrid,"Oakland, CA",1 hour ago,2026-08-20T18:02:59-04:00,core,cloud_swe,high,intern_ok + fit_priority + dual_grad_dates: hybrid data full-stack intern; stated graduation window December 2026–June 2028 includes program end.,board_fields,program_end,,,weak,,,title overlap 0.40 on lever board 'blue' (10 postings)
skip,ByteDance,Student Researcher (AI Foundation Models Infrastructure – Seed Infra) – 2026 Start,https://jobright.ai/jobs/info/6a87122bcde3717f9e9aff7c,intern_list,internship_if_eligible,On Site,"Seattle, WA",7 hours ago,2026-08-20T18:02:59-04:00,core,data_ml,high,start_date_conflict + timing_expired: title is Student Researcher … 2026 Start.,board_fields,n/a,,,,,,
skip,Chase,2027 Code for Good Hackathon - Software Engineer Program - Summer Internship – United States,https://jobright.ai/jobs/info/6a702350f5953013637f74d2,intern_list,internship_if_eligible,On Site,"Chicago, IL; Columbus, OH; Houston, TX; Jersey City, NJ; New York, NY; Palo Alto, CA; Plano, TX; Tampa, FL; Wilmington, DE",2 hours ago,2026-08-20T18:02:59-04:00,practice,cloud_swe,high,hard_gate: expected graduation December 2027–June 2028 matches neither December 2026 program end nor March 2027 commencement.,board_fields,n/a,,,,,,
skip,Chase,2027 Data & AI Program - Summer Internship - Analyst - United States,https://jobright.ai/jobs/info/6a86f27425fc4e7ae3daa6e1,intern_list,internship_if_eligible,On Site,"Chicago, IL; New York Metro, United States; Columbus, OH; Delaware Metro, United States; Plano, TX; Palo Alto, CA",9 hours ago,2026-08-20T18:02:59-04:00,practice,data_ml,high,hard_gate: graduating December 2027–August 2028 matches neither real date.,board_fields,n/a,,,,,,
skip,CliquePrize - Local Giveaway Marketing for Small Businesses,Swift iPhone Mobile (Non Paid Academic Credit Only) Developer Internship - USA Interns only,https://jobright.ai/jobs/info/6a876026e8b6601d12903396,intern_list,internship_if_eligible,Remote,United States,1 hour ago,2026-08-20T18:02:59-04:00,practice,cloud_swe,high,"remote: work_model is Remote / United States (unpaid academic-credit intern is additional non-target signal, not the skip reason).",board_fields,n/a,,,,,,
skip,Cohere,Software Engineer Intern (Fall / Winter 2026),https://jobright.ai/jobs/info/6a2d7ee0fc0644749054c56b,intern_list,internship_if_eligible,Remote,United States,2 hours ago,2026-08-20T18:02:59-04:00,core,cloud_swe,high,remote + start_date_conflict + timing_expired: Remote work_model and Fall/Winter 2026 intern term.,board_fields,n/a,,,,,,
later,DHL Express,Data Analytics and Data Catalog Intern,https://jobright.ai/jobs/info/6a8764cb680f314a29d38980,intern_list,internship_if_eligible,On Site,"Erlanger, KY",1 hour ago,2026-08-20T18:02:59-04:00,practice,data_ml,medium,fit_priority: data-catalog analytics intern is light analytics; no explicit 2027 term.,board_fields,n/a,,,,,,
later,Delta Air Lines,"Graduate Intern, Data Scientist (Spring 2027)",https://jobright.ai/jobs/info/6a7d1219d77e8156a8e35be0,intern_list,internship_if_eligible,On Site,"Atlanta, GA",1 day ago,2026-08-20T18:02:59-04:00,core,data_ml,medium,"intern_ok + dual_grad_dates: Spring 2027 DS intern is in-window, but still-pursuing-master’s language overlaps the FT start window; prefer later.",board_fields,dual_date,,,,,,
skip,Detroit Lions,Quantitative Research Intern,https://jobright.ai/jobs/info/6a85dd1c74e02153f1458e49,intern_list,internship_if_eligible,Remote,United States,1 day ago,2026-08-20T18:02:59-04:00,broad,data_ml,high,remote: work_model is Remote / United States.,board_fields,n/a,,,,,,
later,Dragin,"Software Engineering, Applied AI, Internship, In Office",https://jobright.ai/jobs/info/6a875d38680f314a29d38694,intern_list,internship_if_eligible,On Site,"New York, NY; Long Island, New York, United States",2 hours ago,2026-08-20T18:02:59-04:00,core,data_ml,medium,"intern_ok + fit_priority: on-site applied-AI SWE intern, but no explicit 2027 term.",board_fields,n/a,,,,,,
later,Elevate,"Intern, AI Enablement",https://jobright.ai/jobs/info/6a874c9dd34f700f87fc4a80,intern_list,internship_if_eligible,On Site,"Fort Worth, TX; Addison, TX",1 hour ago,2026-08-20T18:02:59-04:00,broad,data_ml,medium,fit_priority: AI enablement intern is adjacent; no explicit 2027 term.,board_fields,n/a,,,,,,
skip,Excellus BCBS,College Intern - AI Engineering - Fall 2026 (Multiple Openings),https://jobright.ai/jobs/info/6a871d23e8b6601d12901b16,intern_list,internship_if_eligible,On Site,"Rochester, NY; Albany, NY; Binghamton, NY; Buffalo, NY; DeWitt, NY",5 hours ago,2026-08-20T18:02:59-04:00,core,data_ml,high,start_date_conflict + timing_expired: College Intern - AI Engineering - Fall 2026.,board_fields,n/a,,,,,,
skip,Excellus BCBS,College Intern - Innovation & AI Cohort - Fall 2026 (Multiple Openings),https://jobright.ai/jobs/info/6a871d26680f314a29d36efb,intern_list,internship_if_eligible,On Site,"Rochester, NY; Albany, NY; Binghamton, NY; Buffalo, NY; DeWitt, NY",5 hours ago,2026-08-20T18:02:59-04:00,broad,data_ml,high,start_date_conflict + timing_expired: College Intern - Innovation & AI Cohort - Fall 2026.,board_fields,n/a,,,,,,
later,Fannie Mae,Campus – Data Science Intern (Analytics & Modeling Program),https://jobright.ai/jobs/info/6a8717e0680f314a29d36dd1,intern_list,internship_if_eligible,On Site,"Washington, DC",22 hours ago,2026-08-20T18:02:59-04:00,core,data_ml,medium,intern_ok + fit_priority: campus DS intern is in-cluster; no 2027 term on the board. Sponsorship wording is not a skip.,board_fields,n/a,,,,,,
skip,Hubbell Incorporated,2027 Summer Intern: Operations - Business Intelligence & Analytics,https://jobright.ai/jobs/info/6a874839e8b6601d12902acb,intern_list,internship_if_eligible,On Site,"St. Louis, MO",3 hours ago,2026-08-20T18:02:59-04:00,practice,data_ml,high,"hard_gate: requires full-time enrollment throughout May–August 2027, after program end 2026-12-18 and commencement 2027-03.",board_fields,n/a,,,,,,
keep,IBM,Co-Op Data Engineer 2027,https://jobright.ai/jobs/info/6a86f3eb25fc4e7ae3daa723,intern_list,internship_if_eligible,On Site,"State College, PA",9 hours ago,2026-08-20T18:02:59-04:00,core,data_ml,high,intern_ok + fit_priority: Co-Op Data Engineer 2027 is an on-site 2027-cycle data role.,board_fields,dual_date,,,none,,,
keep,IBM,Co-Op Data Scientist 2027,https://jobright.ai/jobs/info/6a86f3e9cde3717f9e9af574,intern_list,internship_if_eligible,On Site,"State College, PA",9 hours ago,2026-08-20T18:02:59-04:00,core,data_ml,high,intern_ok + dual_grad_dates: Co-Op Data Scientist 2027; graduation May 2026 or later includes December 2026 completion.,board_fields,program_end,,,none,,,
keep,IBM,Data and AI Intern 2027,https://jobright.ai/jobs/info/6a87623fe8b6601d1290342a,intern_list,internship_if_eligible,Hybrid,"Armonk, NY",1 hour ago,2026-08-20T18:02:59-04:00,core,data_ml,high,intern_ok + fit_priority: hybrid Data and AI Intern 2027.,board_fields,dual_date,,,none,,,
keep,IBM,Federal Data Scientist Intern 2027,https://jobright.ai/jobs/info/6a86f47e25fc4e7ae3daa76c,intern_list,internship_if_eligible,On Site,"Herndon, VA",9 hours ago,2026-08-20T18:02:59-04:00,broad,data_ml,medium,intern_ok + fit_priority: Federal Data Scientist Intern 2027 is in-cluster; board text does not state a clearance/citizenship hard gate.,board_fields,dual_date,,,none,,,
keep,IBM,Intern Data Scientist 2027 – AI & Data Analytics,https://jobright.ai/jobs/info/6a7fcd50927c79391ad0d13b,intern_list,internship_if_eligible,On Site,"Dallas, TX",2 hours ago,2026-08-20T18:02:59-04:00,core,data_ml,high,intern_ok + fit_priority: Intern Data Scientist 2027 – AI & Data Analytics (Dallas).,board_fields,dual_date,,,none,,,
keep,IBM,Intern Data Scientist 2027 – AI & Data Analytics,https://jobright.ai/jobs/info/6a86f94ce8b6601d12900ecd,intern_list,internship_if_eligible,On Site,"Chicago, IL; Dallas, TX",9 hours ago,2026-08-20T18:02:59-04:00,core,data_ml,high,intern_ok + fit_priority: Intern Data Scientist 2027 – AI & Data Analytics (Chicago/Dallas).,board_fields,dual_date,,,none,,,
keep,IBM,Intern Data Scientist 2027 – AI & Data Analytics,https://jobright.ai/jobs/info/6a7fcd6ab56bea5779c0f599,intern_list,internship_if_eligible,On Site,"New York, NY",1 day ago,2026-08-20T18:02:59-04:00,core,data_ml,high,intern_ok + fit_priority: Intern Data Scientist 2027 – AI & Data Analytics (New York).,board_fields,dual_date,,,none,,,
later,Intel,AI Software Engineering Intern,https://jobright.ai/jobs/info/6a69f28bc63ba56308f507b2,intern_list,internship_if_eligible,Hybrid,"Folsom, CA; Hillsboro, OR; Phoenix, AZ",2 hours ago,2026-08-20T18:02:59-04:00,core,data_ml,medium,"intern_ok + fit_priority: AI SWE intern is in-cluster, but part-time 6–12 month timing is uncertain vs Summer 2027.",board_fields,n/a,,,,,,
later,Intel,Software Development Graduate Intern,https://jobright.ai/jobs/info/6a8377d7b5a0ac0e84a2623f,intern_list,internship_if_eligible,On Site,"Folsom, CA",2 hours ago,2026-08-20T18:02:59-04:00,core,cloud_swe,medium,"intern_ok: graduate SWE intern (MS/PhD, not PhD-only) with 6+ month duration and no explicit 2027 term.",board_fields,n/a,,,,,,
later,Interactive Brokers,Cybersecurity Internship 2027,https://jobright.ai/jobs/info/6a871a3625fc4e7ae3dab4ab,intern_list,internship_if_eligible,On Site,"Greenwich, CT",1 hour ago,2026-08-20T18:02:59-04:00,practice,cloud_swe,medium,"fit_priority: Cybersecurity Internship 2027 is adjacent cyber, not auto-skip; lower priority than SWE/ML.",board_fields,dual_date,,,,,,
keep,Interactive Brokers,Software Developer Summer Internship - 2027,https://jobright.ai/jobs/info/6a872d0a4afae74a08347041,intern_list,internship_if_eligible,On Site,"Greenwich, CT",1 hour ago,2026-08-20T18:02:59-04:00,core,cloud_swe,high,intern_ok + fit_priority: on-site Software Developer Summer Internship 2027.,board_fields,dual_date,,,none,,,
skip,JPMorganChase,2027 Data & AI Program - Summer Internship - Analyst - United States,https://jobright.ai/jobs/info/6a86ea6c680f314a29d3602e,intern_list,internship_if_eligible,On Site,"Chicago, IL; New York Metro, United States; Columbus, OH; Delaware Metro, United States; Plano, TX; Palo Alto, CA",10 hours ago,2026-08-20T18:02:59-04:00,practice,data_ml,high,hard_gate: graduating December 2027–August 2028 matches neither real date.,board_fields,n/a,,,,,,
later,Jackson EMC,Strategic Planning & Business Analytics Intern (College),https://jobright.ai/jobs/info/6a8689f7cc81eb647e9f2f4f,intern_list,internship_if_eligible,On Site,"Jefferson, GA",17 hours ago,2026-08-20T18:02:59-04:00,practice,data_ml,medium,fit_priority + traditional_student_coop: college business-analytics intern is light analytics.,board_fields,n/a,,,,,,
skip,"Lifetime Benefit Solutions, Inc.",College Intern - AI Engineering - Fall 2026 (Multiple Openings),https://jobright.ai/jobs/info/6a8716dee8b6601d1290198b,intern_list,internship_if_eligible,On Site,"Rochester, MN; Buffalo, NY; DeWitt, AR; Binghamton, NY; Albany, NY",5 hours ago,2026-08-20T18:02:59-04:00,core,data_ml,high,start_date_conflict + timing_expired: College Intern - AI Engineering - Fall 2026.,board_fields,n/a,,,,,,
skip,"Lifetime Benefit Solutions, Inc.",College Intern - Innovation & AI Cohort - Fall 2026 (Multiple Openings),https://jobright.ai/jobs/info/6a8716c7680f314a29d36d69,intern_list,internship_if_eligible,On Site,"Rochester, MN; Buffalo, NY; DeWitt, AR; Binghamton, NY; Albany, NY",5 hours ago,2026-08-20T18:02:59-04:00,broad,data_ml,high,start_date_conflict + timing_expired: College Intern - Innovation & AI Cohort - Fall 2026.,board_fields,n/a,,,,,,
later,Love's Travel Stops,Advanced Analytics Intern (Summer 2027) Job Details | Loves Travel Stops & Country Store,https://jobright.ai/jobs/info/6a868742d34f700f87fc1d78,intern_list,internship_if_eligible,On Site,"Oklahoma City, OK",17 hours ago,2026-08-20T18:02:59-04:00,practice,data_ml,medium,fit_priority: Summer 2027 advanced-analytics intern aimed at business/marketing majors; light analytics.,board_fields,dual_date,,,,,,
later,Love's Travel Stops,Merchandising Analytics Intern (Summer 2027) Job Details | Loves Travel Stops & Country Store,https://jobright.ai/jobs/info/6a86874374e02153f145bfcc,intern_list,internship_if_eligible,On Site,"Oklahoma City, OK",17 hours ago,2026-08-20T18:02:59-04:00,practice,data_ml,medium,fit_priority: Summer 2027 merchandising-analytics intern is light analytics.,board_fields,dual_date,,,,,,
later,Microsoft,AI Software Engineering Intern,https://jobright.ai/jobs/info/6a856440c1a3fd7120f74dfe,intern_list,internship_if_eligible,On Site,"Redmond, WA; Mountain View, CA",2 hours ago,2026-08-20T18:02:59-04:00,core,data_ml,medium,"intern_ok + hard_gate: AI SWE intern is in-cluster, but remaining-semester-after-internship language may conflict after December 2026; term year not explicit.",board_fields,n/a,,,,,,
keep,NVIDIA,NVIDIA 2027 Internships: Software Engineering,https://jobright.ai/jobs/info/6a8562d7c1a3fd7120f74ddc,intern_list,internship_if_eligible,On Site,"Santa Clara, CA",2 hours ago,2026-08-20T18:02:59-04:00,core,cloud_swe,high,intern_ok + fit_priority: NVIDIA 2027 Software Engineering internships; enrollment-for-duration language noted but 2027 cycle is in scope.,board_fields,dual_date,,https://nvidia.wd5.myworkdayjobs.com/NVIDIAExternalCareerSite/job/US-CA-Santa-Clara/NVIDIA-2027-Internships--Software-Engineering_JR2023495,exact,workday,NVIDIA 2027 Internships: Software Engineering,title overlap 1.00 on known workday 'nvidia.wd5/NVIDIAExternalCareerSite' (q='NVIDIA 2027 Internships: Software Engine')
keep,NVIDIA,NVIDIA 2027 Internships: Systems Software Engineering,https://jobright.ai/jobs/info/6a85630fe12474455273e11d,intern_list,internship_if_eligible,On Site,"Santa Clara, CA",2 hours ago,2026-08-20T18:02:59-04:00,core,cloud_swe,high,intern_ok + fit_priority: NVIDIA 2027 Systems Software Engineering internships.,board_fields,dual_date,,https://nvidia.wd5.myworkdayjobs.com/NVIDIAExternalCareerSite/job/US-CA-Santa-Clara/NVIDIA-2027-Internships--Systems-Software-Engineering_JR2023492,exact,workday,NVIDIA 2027 Internships: Systems Software Engineering,title overlap 1.00 on known workday 'nvidia.wd5/NVIDIAExternalCareerSite' (q='NVIDIA 2027 Internships: Systems Softwar')
skip,New York Life,"2027 Technology, Data, AI & Ventures Summer Internship Program - Analyst Intern Job Details | New York Life Insurance Co",https://jobright.ai/jobs/info/6a86868074e02153f145bf79,intern_list,internship_if_eligible,Hybrid,"New York, NY",17 hours ago,2026-08-20T18:02:59-04:00,practice,data_ml,high,hard_gate: expected graduation December 2027 or May 2028 matches neither real date.,board_fields,n/a,,,,,,
later,New York Life,"2027 Technology, Data, AI & Ventures Summer Internship Program - Data Scientist Intern Job Details | New York Life Insurance Co",https://jobright.ai/jobs/info/6a86867b2f4f0014cae29c62,intern_list,internship_if_eligible,Hybrid,"New York, NY",15 hours ago,2026-08-20T18:02:59-04:00,core,data_ml,medium,"intern_ok + fit_priority: 2027 Data Scientist intern is in-cluster, but a sibling Analyst posting in this program states December 2027/May 2028 graduation; window not shown on this row.",board_fields,dual_date,,,,,,
later,Nextiva,"Intern, Marketing (Data Science)",https://jobright.ai/jobs/info/6a84e48f58ded76ad8fe9e2b,intern_list,internship_if_eligible,On Site,"Scottsdale, AZ",1 day ago,2026-08-20T18:02:59-04:00,practice,data_ml,medium,fit_priority: Marketing (Data Science) intern is adjacent analytics; no explicit 2027 term.,board_fields,n/a,,,,,,
later,Notion,Software Engineer Intern (Winter 2027),https://jobright.ai/jobs/info/6a7f67a1927c79391ad08af0,intern_list,internship_if_eligible,On Site,"San Francisco, CA; New York, NY",2 hours ago,2026-08-20T18:02:59-04:00,core,cloud_swe,medium,"intern_ok + dual_grad_dates: Winter 2027 SWE intern (Jan 25–Apr 16) and graduate-before-December-2027 fit, but it overlaps the FT start window after program end.",board_fields,dual_date,,,,,,
later,Novateur Research Solutions,Internship - Machine Learning (Python) Research & Applied AI,https://jobright.ai/jobs/info/6a875162cde3717f9e9b16d9,intern_list,internship_if_eligible,On Site,"Ashburn, VA",2 hours ago,2026-08-20T18:02:59-04:00,core,data_ml,medium,"intern_ok + fit_priority: on-site ML/applied-AI intern, but no explicit 2027 term.",board_fields,n/a,,,,,,
keep,ONE Gas,Summer 2027 Data Science Intern,https://jobright.ai/jobs/info/6a8607e7e459fa3baa8656f4,intern_list,internship_if_eligible,Hybrid,"Tulsa, OK",1 day ago,2026-08-20T18:02:59-04:00,core,data_ml,high,intern_ok + fit_priority: hybrid Summer 2027 Data Science intern.,board_fields,dual_date,,,none,,,
keep,Philips,"Graduate Level Co-op – Data Scientist – Plymouth, MN – Summer 2027",https://jobright.ai/jobs/info/6a873fb9cde3717f9e9b1053,intern_list,internship_if_eligible,On Site,"Plymouth, MN",22 hours ago,2026-08-20T18:02:59-04:00,core,health_ai,high,intern_ok + fit_priority: Summer 2027 graduate data-scientist co-op in medical imaging; MS-or-PhD is not PhD-only.,board_fields,dual_date,,,none,,,
later,Phoebe,Software Engineering Intern,https://jobright.ai/jobs/info/6a871a4ae8b6601d12901a6d,intern_list,internship_if_eligible,On Site,"New York, NY",6 hours ago,2026-08-20T18:02:59-04:00,core,cloud_swe,medium,"intern_ok + fit_priority: on-site SWE intern with AI-workflow theme, but no explicit 2027 term.",board_fields,n/a,,,,,,
later,PubMatic,"Software Engineer Intern Job Details | PubMatic, Inc.",https://jobright.ai/jobs/info/6a87673ad34f700f87fc542d,intern_list,internship_if_eligible,Hybrid,"Redwood City, CA",1 hour ago,2026-08-20T18:02:59-04:00,broad,cloud_swe,medium,"intern_ok + fit_priority: SWE intern is in-cluster, but 1+ years C/C++ and no explicit 2027 term.",board_fields,n/a,,,,,,
later,Ramp,"Software Engineer Internship, Android",https://jobright.ai/jobs/info/6a560bb9efb06a45240d3604,intern_list,internship_if_eligible,On Site,"New York, NY; San Francisco, CA",2 hours ago,2026-08-20T18:02:59-04:00,practice,cloud_swe,medium,"intern_ok + fit_priority: Android internship; graduation 2026–2028 includes December 2026, but mobile is lower priority.",board_fields,program_end,,,,,,
later,Regions Bank,"2027 ETP Intern - Technology, Operations, Digital, and Data - Analytics",https://jobright.ai/jobs/info/6a86554be459fa3baa867218,intern_list,internship_if_eligible,On Site,"Hoover, AL; Birmingham, AL",14 hours ago,2026-08-20T18:02:59-04:00,practice,data_ml,medium,fit_priority: 2027 ETP analytics intern is light analytics. Visa wording is not a skip.,board_fields,dual_date,,,,,,
later,SLAC National Accelerator Laboratory,"Intern - Microelectronics Algorithms, Software Scaling",https://jobright.ai/jobs/info/6a588efc3330ca6f993c5805,intern_list,internship_if_eligible,On Site,"Menlo Park, CA",3 hours ago,2026-08-20T18:02:59-04:00,broad,data_ml,medium,intern_ok: microelectronics algorithms intern is adjacent; no explicit 2027 term.,board_fields,n/a,,,,,,
skip,Samsara,Software Engineering Internship - San Francisco,https://jobright.ai/jobs/info/6a70bcdbe2b7476e7b20a819,intern_list,internship_if_eligible,Hybrid,"San Francisco, CA",2 hours ago,2026-08-20T18:02:59-04:00,practice,cloud_swe,high,hard_gate: bachelor’s completion Spring/Summer/Fall 2028 or Winter 2029 matches neither real date.,board_fields,n/a,,,,,,
later,Securitas Technology,Engineering Intern,https://jobright.ai/jobs/info/6a86ff2c25fc4e7ae3daaa90,intern_list,internship_if_eligible,On Site,"Elmsford, NY",8 hours ago,2026-08-20T18:02:59-04:00,practice,data_ml,medium,"fit_priority: Engineering Intern here is business-analysis/Excel, not SWE.",board_fields,n/a,,,,,,
later,Sony Electronics,"Intern, Information Security Risk and Compliance",https://jobright.ai/jobs/info/6a8747dce8b6601d12902a9a,intern_list,internship_if_eligible,On Site,"New York, NY",1 hour ago,2026-08-20T18:02:59-04:00,practice,cloud_swe,medium,"fit_priority: Information Security Risk and Compliance intern is adjacent cyber, not auto-skip.",board_fields,n/a,,,,,,
later,State of South Dakota,Intern - Data & Outcomes (Spring),https://jobright.ai/jobs/info/6a870872680f314a29d36787,intern_list,internship_if_eligible,On Site,"Sioux Falls, SD",3 hours ago,2026-08-20T18:02:59-04:00,practice,data_ml,medium,traditional_student_coop: credit-hour student intern for Data & Outcomes (Spring); year not stated.,board_fields,n/a,,,,,,
later,Texas Department of Transportation,"Data Science Intern (Intern Graduate Support Technician) - STR Division - Austin, TX",https://jobright.ai/jobs/info/6a87170e25fc4e7ae3dab3f6,intern_list,internship_if_eligible,On Site,"Austin, TX",7 hours ago,2026-08-20T18:02:59-04:00,broad,data_ml,medium,traditional_student_coop: graduate student-worker data-science intern; enrollment framing is heavy and term year is unclear.,board_fields,n/a,,,,,,
later,The Centers,Intern; Quality and Info Analytics; 371 (PAID),https://jobright.ai/jobs/info/6a874f35680f314a29d3824b,intern_list,internship_if_eligible,On Site,"Cleveland, OH",3 hours ago,2026-08-20T18:02:59-04:00,broad,health_ai,medium,fit_priority: health-informatics/quality analytics intern is adjacent health_ai; no explicit 2027 term.,board_fields,n/a,,,,,,
skip,Together AI,"Research Intern, Model Shaping (Fall 2026)",https://jobright.ai/jobs/info/6a875bfa4afae74a083481c9,intern_list,internship_if_eligible,On Site,"San Francisco, CA",2 hours ago,2026-08-20T18:02:59-04:00,core,data_ml,high,"start_date_conflict + timing_expired: Research Intern, Model Shaping (Fall 2026).",board_fields,n/a,,,,,,
skip,Together AI,Systems Research Engineer Intern - GPU Programming (Fall 2026),https://jobright.ai/jobs/info/6a87548125fc4e7ae3dac9db,intern_list,internship_if_eligible,On Site,"San Francisco, CA",2 hours ago,2026-08-20T18:02:59-04:00,core,cloud_swe,high,start_date_conflict + timing_expired: Systems Research Engineer Intern - GPU Programming (Fall 2026).,board_fields,n/a,,,,,,
skip,Trideum Corporation,Research Engineer Intern,https://jobright.ai/jobs/info/6a872983680f314a29d37380,intern_list,internship_if_eligible,On Site,"Killeen, TX",5 hours ago,2026-08-20T18:02:59-04:00,practice,data_ml,high,"non_target_role: Research Engineer Intern framed as business-admin/Excel/SharePoint, not SWE/ML.",board_fields,n/a,,,,,,
later,UTHealth Houston,Seasonal Hires - IT Security Internships,https://jobright.ai/jobs/info/6a876b44cde3717f9e9b20b1,intern_list,internship_if_eligible,Hybrid,"Houston, TX",1 hour ago,2026-08-20T18:02:59-04:00,practice,cloud_swe,medium,"fit_priority: IT Security internships are adjacent cyber; Texas-resident constraint noted, term year unclear.",board_fields,n/a,,,,,,
skip,Univera Healthcare,College Intern - AI Engineering - Fall 2026 (Multiple Openings),https://jobright.ai/jobs/info/6a871b80e8b6601d12901ac7,intern_list,internship_if_eligible,On Site,"Rochester, NY; Albany, NY; Binghamton, NY; Buffalo, NY; DeWitt, NY",3 hours ago,2026-08-20T18:02:59-04:00,core,data_ml,high,start_date_conflict + timing_expired: College Intern - AI Engineering - Fall 2026.,board_fields,n/a,,,,,,
skip,Univera Healthcare,College Intern - Innovation & AI Cohort - Fall 2026 (Multiple Openings),https://jobright.ai/jobs/info/6a871b7d25fc4e7ae3dab50a,intern_list,internship_if_eligible,On Site,"Rochester, NY; Albany, NY; Binghamton, NY; Buffalo, NY; DeWitt, NY",4 hours ago,2026-08-20T18:02:59-04:00,broad,data_ml,high,start_date_conflict + timing_expired: College Intern - Innovation & AI Cohort - Fall 2026.,board_fields,n/a,,,,,,
later,University Hospitals,Research Intern - Healthcare/Data Analysis: PRN,https://jobright.ai/jobs/info/6a8767434afae74a08348673,intern_list,internship_if_eligible,Hybrid,"Cleveland, OH; Beachwood, OH; Shaker Heights, OH",1 hour ago,2026-08-20T18:02:59-04:00,broad,health_ai,medium,"fit_priority: PRN healthcare/data-analysis research intern is clinical-adjacent; bachelor’s-required, no 2027 term.",board_fields,n/a,,,,,,
later,University System of Georgia,Data Science Intern- Institutional Student Worker,https://jobright.ai/jobs/info/6a86455674e02153f145b69c,intern_list,internship_if_eligible,On Site,"Dahlonega, GA",21 hours ago,2026-08-20T18:02:59-04:00,practice,data_ml,medium,traditional_student_coop: institutional student-worker data-science intern.,board_fields,n/a,,,,,,
later,University of Notre Dame,Student | Data Science Intern -- Mendoza Research Team,https://jobright.ai/jobs/info/6a86d292392e3905d571bc32,intern_list,internship_if_eligible,On Site,"Notre Dame, IN",1 day ago,2026-08-20T18:02:59-04:00,practice,data_ml,medium,traditional_student_coop: enrolled Higher Education student worker on a campus research team.,board_fields,n/a,,,,,,
skip,University of Notre Dame,Student | Data Science Intern — Mendoza Research Team,https://jobright.ai/jobs/info/6a84b5b058ded76ad8fe8e6b,intern_list,internship_if_eligible,On Site,"Notre Dame, IN",2 days ago,2026-08-20T18:02:59-04:00,practice,data_ml,high,"traditional_student_coop + hard_gate: currently enrolled undergraduate student, any major.",board_fields,n/a,,,,,,
later,Vanguard,College to Corporate IT Internship - Data Science (NC),https://jobright.ai/jobs/info/6a876b29cde3717f9e9b20a5,intern_list,internship_if_eligible,Hybrid,"Charlotte, NC",22 hours ago,2026-08-20T18:02:59-04:00,core,data_ml,medium,"intern_ok + fit_priority: Vanguard data-science intern is in-cluster, but College-to-Corporate term year is not explicit.",board_fields,n/a,,,,,,
later,Vanguard,College to Corporate IT Internship - Data Science (PA),https://jobright.ai/jobs/info/6a876b25cde3717f9e9b20a4,intern_list,internship_if_eligible,On Site,"Malvern, PA",22 hours ago,2026-08-20T18:02:59-04:00,core,data_ml,medium,"intern_ok + fit_priority: Vanguard data-science intern is in-cluster, but College-to-Corporate term year is not explicit.",board_fields,n/a,,,,,,
later,ABS Graphics,Entry Level SQL Programmer,https://jobright.ai/jobs/info/6a8769cc25fc4e7ae3dad29f,newgrad_jobs,new_grad_2027_start,On Site,"Itasca, IL",1 hour ago,2026-08-20T18:02:59-04:00,practice,data_ml,medium,"fit_priority: entry-level SQL programmer is light data work, not core SWE/ML.",board_fields,either,,,,,,
keep,AbbVie,Computational Analyst (Neuroscience),https://jobright.ai/jobs/info/6a86277ecc81eb647e9f1c00,newgrad_jobs,new_grad_2027_start,Hybrid,"Cambridge, MA",18 hours ago,2026-08-20T18:02:59-04:00,core,health_ai,high,fit_priority: hybrid Computational Analyst (Neuroscience) in Cambridge is a health_ai / data fit.,board_fields,dual_date,,https://jobs.smartrecruiters.com/abbvie/3743990014690585,exact,smartrecruiters,Computational Analyst (Neuroscience),title overlap 1.00 on smartrecruiters board 'abbvie' (100 postings)
skip,Achieve,Data Scientist (AHL),https://jobright.ai/jobs/info/6a73a8868cd88e7ccbf59deb,newgrad_jobs,new_grad_2027_start,Remote,United States,1 day ago,2026-08-20T18:02:59-04:00,core,data_ml,high,remote: work_model is Remote / United States.,board_fields,n/a,,,,,,
later,Ahold Delhaize USA,Analyst II Master Data Management,https://jobright.ai/jobs/info/6a8760f0d34f700f87fc511f,newgrad_jobs,new_grad_2027_start,Hybrid,"Salisbury, NC; Quincy, MA; Carlisle, PA; Scarborough, ME; Hyattsville, MD",1 hour ago,2026-08-20T18:02:59-04:00,practice,data_ml,medium,"fit_priority: Analyst II Master Data Management is light analytics / MDM, not core SWE/ML.",board_fields,either,,,,,,
later,"Allergan Aesthetics, an AbbVie Company",Statistical Programmer (Hybrid),https://jobright.ai/jobs/info/6a875043cde3717f9e9b1698,newgrad_jobs,new_grad_2027_start,Hybrid,"Florham Park, NJ; Irvine, CA; North Chicago, IL; South San Francisco, CA",2 hours ago,2026-08-20T18:02:59-04:00,broad,health_ai,medium,fit_priority: hybrid statistical programmer is health-adjacent but not SWE/ML engineering.,board_fields,either,,,,,,
later,American Express,Analyst Data Governance & Management - Finance,https://jobright.ai/jobs/info/6a862fd74afae74a08343fe1,newgrad_jobs,new_grad_2027_start,Hybrid,"New York, NY",4 hours ago,2026-08-20T18:02:59-04:00,practice,data_ml,medium,fit_priority: data-governance analyst is light analytics. H1B=No is not a skip.,board_fields,either,,,,,,
skip,Axon,Software QA Engineer I,https://jobright.ai/jobs/info/6a876b3c4afae74a0834883b,newgrad_jobs,new_grad_2027_start,On Site,"Seattle, WA",1 hour ago,2026-08-20T18:02:59-04:00,practice,cloud_swe,high,non_target_role: Software QA Engineer I is a pure QA-only role.,board_fields,n/a,,,,,,
keep,Booz Allen Hamilton,"AI Engineer, Junior",https://jobright.ai/jobs/info/6a835bd62dbaf907b07682c7,newgrad_jobs,new_grad_2027_start,On Site,"San Antonio, TX",19 hours ago,2026-08-20T18:02:59-04:00,core,data_ml,high,"fit_priority: on-site AI Engineer, Junior. Sponsorship=No is not a skip.",board_fields,dual_date,,,none,,,
later,Booz Allen Hamilton,Data Scientist,https://jobright.ai/jobs/info/6a195cc417492d3a389bdb25,newgrad_jobs,new_grad_2027_start,On Site,"Annapolis Junction, MD; Fort Meade, MD",2 hours ago,2026-08-20T18:02:59-04:00,broad,data_ml,medium,"fit_priority: Data Scientist title is in-cluster, but Annapolis Junction / Fort Meade location often implies clearance that is not explicit on the board.",board_fields,either,,,,,,
later,Booz Allen Hamilton,Data Scientist,https://jobright.ai/jobs/info/6a64289e979290281c7058c7,newgrad_jobs,new_grad_2027_start,On Site,"Annapolis Junction, MD; Fort Meade, MD",2 hours ago,2026-08-20T18:02:59-04:00,broad,data_ml,medium,"fit_priority: Data Scientist title is in-cluster, but Annapolis Junction / Fort Meade location often implies clearance that is not explicit on the board.",board_fields,either,,,,,,
keep,Booz Allen Hamilton,"Data Scientist, Junior",https://jobright.ai/jobs/info/6a8619d04afae74a08343743,newgrad_jobs,new_grad_2027_start,On Site,"San Antonio, TX",19 hours ago,2026-08-20T18:02:59-04:00,core,data_ml,high,"fit_priority: on-site Data Scientist, Junior. Sponsorship=No is not a skip.",board_fields,dual_date,,,none,,,
later,Booz Allen Hamilton,Secure AI Engineer,https://jobright.ai/jobs/info/6a8724c325fc4e7ae3dab80a,newgrad_jobs,new_grad_2027_start,On Site,"Washington, DC",22 hours ago,2026-08-20T18:02:59-04:00,core,data_ml,medium,"fit_priority: Secure AI Engineer is in-cluster, but Secure + DC location may imply a clearance not stated on the board.",board_fields,either,,,,,,
keep,Booz Allen Hamilton,Software Engineer,https://jobright.ai/jobs/info/6a7f56fc19ce4e6e9d937036,newgrad_jobs,new_grad_2027_start,On Site,"Rome, NY",2 hours ago,2026-08-20T18:02:59-04:00,broad,cloud_swe,medium,fit_priority: on-site Software Engineer is in-cluster; new-grad signal not explicit.,board_fields,dual_date,,,none,,,
later,Booz Allen Hamilton,Systems Engineer,https://jobright.ai/jobs/info/6a871464d34f700f87fc35b6,newgrad_jobs,new_grad_2027_start,On Site,"Warner Robins, GA",2 hours ago,2026-08-20T18:02:59-04:00,practice,cloud_swe,medium,"fit_priority: Systems Engineer is adjacent, not SWE/ML. Sponsorship=No is not a skip.",board_fields,n/a,,,,,,
later,Booz Allen Hamilton,Systems Engineer,https://jobright.ai/jobs/info/6a8724d425fc4e7ae3dab818,newgrad_jobs,new_grad_2027_start,On Site,"Beavercreek, OH",2 hours ago,2026-08-20T18:02:59-04:00,practice,cloud_swe,medium,"fit_priority: Systems Engineer is adjacent, not SWE/ML. Sponsorship=No is not a skip.",board_fields,n/a,,,,,,
later,ByteDance,"Machine Learning Engineer, AML - Engine (Multiple Positions)",https://jobright.ai/jobs/info/6a86a1a52f4f0014cae29f78,newgrad_jobs,new_grad_2027_start,On Site,"San Jose, CA",15 hours ago,2026-08-20T18:02:59-04:00,core,data_ml,medium,"fit_priority: ML Engineer, AML - Engine is strong ML/systems fit, but Multiple Positions / all-levels is not clearly new-grad.",board_fields,either,,,,,,
later,ByteDance,"Research Engineer/Scientist(all levels), Efficient Models",https://jobright.ai/jobs/info/6a86a19d2f4f0014cae29f75,newgrad_jobs,new_grad_2027_start,On Site,"San Jose, CA",15 hours ago,2026-08-20T18:02:59-04:00,core,data_ml,medium,fit_priority: Research Engineer/Scientist (all levels) may be PhD-leaning; board text is not PhD-only.,board_fields,either,,,,,,
skip,CVS Health,Provider Data Service Specialist - Fully Remote,https://jobright.ai/jobs/info/6a8737d1cde3717f9e9b0df7,newgrad_jobs,new_grad_2027_start,Remote,United States,3 hours ago,2026-08-20T18:02:59-04:00,practice,health_ai,high,"remote + non_target_role: Fully Remote Provider Data Service Specialist is operations, not health-tech engineering.",board_fields,n/a,,,,,,
later,Chenega Corporation,Data Analyst,https://jobright.ai/jobs/info/6a87351a25fc4e7ae3dabf25,newgrad_jobs,new_grad_2027_start,On Site,"Alexandria, VA",4 hours ago,2026-08-20T18:02:59-04:00,practice,data_ml,medium,fit_priority: generic Data Analyst. Sponsorship=No is not a skip.,board_fields,either,,,,,,
later,Chenega Professional Services Strategic Business Unit,Data Analyst,https://jobright.ai/jobs/info/6a8736bbd34f700f87fc42a4,newgrad_jobs,new_grad_2027_start,On Site,"Alexandria, VA",4 hours ago,2026-08-20T18:02:59-04:00,practice,data_ml,medium,fit_priority: generic Data Analyst. Sponsorship=No is not a skip.,board_fields,either,,,,,,
keep,Chewy,Data Scientist I,https://jobright.ai/jobs/info/6a864e5f2f4f0014cae29524,newgrad_jobs,new_grad_2027_start,On Site,"Boston, MA",14 hours ago,2026-08-20T18:02:59-04:00,core,data_ml,high,fit_priority: on-site Data Scientist I in Boston.,board_fields,dual_date,,,none,,,
later,Clera,Founding Engineer - Full Stack,https://jobright.ai/jobs/info/6a7cac4377d5f033c4b8fd2d,newgrad_jobs,new_grad_2027_start,On Site,"San Francisco, CA",2 hours ago,2026-08-20T18:02:59-04:00,broad,cloud_swe,medium,fit_priority: Founding Engineer - Full Stack is likely above new-grad scope.,board_fields,n/a,,,,,,
keep,Constellation,"Assoc Data Scientist, AI",https://jobright.ai/jobs/info/6a873229cde3717f9e9b0c59,newgrad_jobs,new_grad_2027_start,Hybrid,"Baltimore, MD; Chicago, IL; Houston, TX",5 hours ago,2026-08-20T18:02:59-04:00,core,data_ml,high,"fit_priority: hybrid Assoc Data Scientist, AI.",board_fields,dual_date,,,none,,,
keep,Constellation,"Assoc Data Scientist, AI",https://jobright.ai/jobs/info/6a872fd5680f314a29d376c2,newgrad_jobs,new_grad_2027_start,Hybrid,"Kennett Square, PA",5 hours ago,2026-08-20T18:02:59-04:00,core,data_ml,high,"fit_priority: hybrid Assoc Data Scientist, AI.",board_fields,dual_date,,,none,,,
keep,Constellation,"Assoc Data Scientist, AI",https://jobright.ai/jobs/info/6a872e814afae74a08347125,newgrad_jobs,new_grad_2027_start,Hybrid,"De Pere, WI",5 hours ago,2026-08-20T18:02:59-04:00,core,data_ml,high,"fit_priority: hybrid Assoc Data Scientist, AI.",board_fields,dual_date,,,none,,,
later,Dewberry,Junior Power Platform Developer,https://jobright.ai/jobs/info/6a87400525fc4e7ae3dac270,newgrad_jobs,new_grad_2027_start,On Site,"Tampa, FL; Fairfax, VA",4 hours ago,2026-08-20T18:02:59-04:00,practice,data_ml,medium,fit_priority: Junior Power Platform Developer is light analytics / low-code. Sponsorship=No is not a skip.,board_fields,either,,,,,,
skip,Dinamic AS Group,Data Analyst,https://jobright.ai/jobs/info/6a8752404afae74a08347e8b,newgrad_jobs,new_grad_2027_start,Remote,United States,2 hours ago,2026-08-20T18:02:59-04:00,practice,data_ml,high,remote: work_model is Remote / United States.,board_fields,n/a,,,,,,
skip,DoorDash,"Software Engineer I, Entry-Level (Graduation Date: Fall 2025-Summer 2026)",https://jobright.ai/jobs/info/6a55610b377f983ce8a99c84,newgrad_jobs,new_grad_2027_start,On Site,"New York, NY; San Francisco, CA; Los Angeles, CA; Seattle, WA; Sunnyvale, CA",2 hours ago,2026-08-20T18:02:59-04:00,core,cloud_swe,high,start_date_conflict + timing_expired + hard_gate: Graduation Date Fall 2025–Summer 2026 is a 2026 new-grad cycle matching neither real date.,board_fields,n/a,,,,,,
later,ECS,Junior Project Manager/Analytics Developer,https://jobright.ai/jobs/info/6a87048a680f314a29d36610,newgrad_jobs,new_grad_2027_start,On Site,"Falls Church, VA",2 hours ago,2026-08-20T18:02:59-04:00,practice,data_ml,medium,"fit_priority: Junior Project Manager/Analytics Developer is adjacent, not core SWE/ML.",board_fields,either,,,,,,
skip,Financial Times,"Data Reporter, Ignites and BoardIQ",https://jobright.ai/jobs/info/6a8748594afae74a08347a82,newgrad_jobs,new_grad_2027_start,Hybrid,"New York, NY",1 hour ago,2026-08-20T18:02:59-04:00,practice,data_ml,high,"non_target_role: Data Reporter is journalism, not SWE/data/ML engineering.",board_fields,n/a,,,,,,
later,Fireworks AI,"Member of Technical Staff, Evals & Post-Training Product",https://jobright.ai/jobs/info/6a6d154c5c54bc4752cf110d,newgrad_jobs,new_grad_2027_start,On Site,"San Mateo, CA",21 hours ago,2026-08-20T18:02:59-04:00,core,data_ml,medium,fit_priority: MTS Evals & Post-Training is strong AI-infra/evals interest but not a new-grad title.,board_fields,either,,,,,,
keep,Gartner,Associate Data Scientist,https://jobright.ai/jobs/info/6a868458cc81eb647e9f2df1,newgrad_jobs,new_grad_2027_start,Hybrid,"Stamford, CT; Arlington, VA; Irving, TX; Fort Myers, FL",13 hours ago,2026-08-20T18:02:59-04:00,core,data_ml,high,fit_priority: hybrid Associate Data Scientist.,board_fields,dual_date,,,none,,,
keep,Gartner,Associate Data Scientist - Spring 2027 Master's level graduates,https://jobright.ai/jobs/info/6a7d584b83621355407adf44,newgrad_jobs,new_grad_2027_start,On Site,"Irving, TX; Stamford, CT",13 hours ago,2026-08-20T18:02:59-04:00,core,data_ml,high,fit_priority + dual_grad_dates: Associate Data Scientist for Spring 2027 master’s graduates; commencement March 2027 fits.,board_fields,dual_date,,,none,,,
later,General Dynamics Information Technology,Human Performance Data Scientist I,https://jobright.ai/jobs/info/6a52a9888576ec69c014ce5d,newgrad_jobs,new_grad_2027_start,On Site,"Hurlburt Field, FL",12 hours ago,2026-08-20T18:02:59-04:00,broad,data_ml,medium,fit_priority: Human Performance Data Scientist I at Hurlburt Field may imply clearance not stated on the board. Sponsorship=No is not a skip.,board_fields,either,,,,,,
later,Guidehouse,"Data Scientist, Consultant (Utilities)",https://jobright.ai/jobs/info/6a876796cde3717f9e9b1f35,newgrad_jobs,new_grad_2027_start,On Site,"Boulder, CO; New York, NY; Arlington, VA; Austin, TX; Chicago, IL; Philadelphia, PA; Atlanta, GA; Boston, MA",22 hours ago,2026-08-20T18:02:59-04:00,broad,data_ml,medium,"fit_priority: Data Scientist, Consultant (Utilities) is consulting-track rather than core product/ML.",board_fields,either,,,,,,
skip,Hunter Strategy,Data Analyst,https://jobright.ai/jobs/info/6a87573025fc4e7ae3dacaea,newgrad_jobs,new_grad_2027_start,Remote,United States,2 hours ago,2026-08-20T18:02:59-04:00,practice,data_ml,high,remote: work_model is Remote / United States.,board_fields,n/a,,,,,,
skip,Innodata Inc.,Generative AI Associate - Flexible Hours,https://jobright.ai/jobs/info/6a51c1c1bf63b66c7997c2a7,newgrad_jobs,new_grad_2027_start,Remote,United States,10 hours ago,2026-08-20T18:02:59-04:00,practice,data_ml,high,remote: work_model is Remote / United States.,board_fields,n/a,,,,,,
keep,Intuit,Software Engineer 1,https://jobright.ai/jobs/info/6a2a4f460c4972328e7e835f,newgrad_jobs,new_grad_2027_start,On Site,"Mountain View, CA",2 hours ago,2026-08-20T18:02:59-04:00,core,cloud_swe,high,fit_priority: on-site Software Engineer 1 is a core new-grad SWE title.,board_fields,dual_date,,,none,,,
skip,JAK Travel Agency,Data Analyst,https://jobright.ai/jobs/info/6a875260cde3717f9e9b1706,newgrad_jobs,new_grad_2027_start,Remote,United States,2 hours ago,2026-08-20T18:02:59-04:00,practice,data_ml,high,remote: work_model is Remote / United States (travel-agency junior-analyst listing).,board_fields,n/a,,,,,,
keep,KLA,Software Engineer,https://jobright.ai/jobs/info/6a5e614ef29acc1a1174716e,newgrad_jobs,new_grad_2027_start,On Site,"Milpitas, CA",1 hour ago,2026-08-20T18:02:59-04:00,core,cloud_swe,medium,fit_priority: on-site Software Engineer is in-cluster; new-grad signal not explicit.,board_fields,dual_date,,,none,,,
skip,Level Data,Software Engineer 1,https://jobright.ai/jobs/info/6a876b17680f314a29d38cc0,newgrad_jobs,new_grad_2027_start,Remote,United States,1 hour ago,2026-08-20T18:02:59-04:00,core,cloud_swe,high,remote: work_model is Remote / United States.,board_fields,n/a,,,,,,
skip,Livefront,Java Engineer [Zeal],https://jobright.ai/jobs/info/6a875697cde3717f9e9b187d,newgrad_jobs,new_grad_2027_start,Remote,United States,2 hours ago,2026-08-20T18:02:59-04:00,broad,cloud_swe,high,remote: work_model is Remote / United States.,board_fields,n/a,,,,,,
later,Marriott International,Associate Software Engineer-Mobile-iOS,https://jobright.ai/jobs/info/6a7b74dfbc05d77f2bddf160,newgrad_jobs,new_grad_2027_start,Hybrid,"Bethesda, MD",2 hours ago,2026-08-20T18:02:59-04:00,practice,cloud_swe,medium,"fit_priority: Associate Software Engineer-Mobile-iOS is generic mobile, lower than backend/ML.",board_fields,either,,,,,,
later,Mayo Clinic,Software Engineer - Oracle Integration,https://jobright.ai/jobs/info/6a8766b5e8b6601d12903682,newgrad_jobs,new_grad_2027_start,Hybrid,"Rochester, MN",1 hour ago,2026-08-20T18:02:59-04:00,broad,cloud_swe,medium,"fit_priority: Software Engineer - Oracle Integration is adjacent enterprise integration, not core cluster. Sponsorship=No is not a skip.",board_fields,either,,,,,,
later,Mayo Clinic Rochester,Software Engineer - Oracle Integration,https://jobright.ai/jobs/info/6a8766bfe8b6601d1290368a,newgrad_jobs,new_grad_2027_start,Hybrid,"Rochester, MN",1 hour ago,2026-08-20T18:02:59-04:00,broad,cloud_swe,medium,"fit_priority: Software Engineer - Oracle Integration is adjacent enterprise integration, not core cluster. Sponsorship=No is not a skip.",board_fields,either,,,,,,
skip,Moderna,Data Scientist,https://jobright.ai/jobs/info/6a861d15cc81eb647e9f190c,newgrad_jobs,new_grad_2027_start,Remote,United States,20 hours ago,2026-08-20T18:02:59-04:00,core,data_ml,high,remote: work_model is Remote / United States.,board_fields,n/a,,,,,,
keep,Nuro,"Software Engineer, AI Platform - New Grad",https://jobright.ai/jobs/info/68f97780a628d10664e8d20f,newgrad_jobs,new_grad_2027_start,On Site,"Mountain View, California (HQ)",11 hours ago,2026-08-20T18:02:59-04:00,core,cloud_swe,high,"fit_priority: on-site Software Engineer, AI Platform - New Grad matches AI infra.",board_fields,dual_date,,https://nuro.ai/careersitem?gh_jid=7351066,exact,greenhouse,"Software Engineer, AI Platform - New Grad",title overlap 1.00 on greenhouse board 'nuro' (107 postings)
later,Peraton,Junior Software Data Engineer,https://jobright.ai/jobs/info/6a50e087f6097229bfd3f4d8,newgrad_jobs,new_grad_2027_start,On Site,"Fort Meade, MD",11 hours ago,2026-08-20T18:02:59-04:00,broad,data_ml,medium,fit_priority: Junior Software Data Engineer at Fort Meade may imply clearance not stated on the board. Sponsorship=No is not a skip.,board_fields,either,,,,,,
keep,Qualcomm,"Entry Level & Senior Software Engineer, AI Software Platform (Onsite)",https://jobright.ai/jobs/info/6a694ca13b549b0b531d4f6c,newgrad_jobs,new_grad_2027_start,On Site,"San Diego, CA",10 hours ago,2026-08-20T18:02:59-04:00,core,cloud_swe,high,"fit_priority: on-site Entry Level & Senior Software Engineer, AI Software Platform.",board_fields,dual_date,,,none,,,
skip,RTX,Factory Analytics Data Scientist I (Remote),https://jobright.ai/jobs/info/6a873b21e8b6601d129026bc,newgrad_jobs,new_grad_2027_start,Remote,United States,22 hours ago,2026-08-20T18:02:59-04:00,core,data_ml,high,remote: title and work_model are Remote.,board_fields,n/a,,,,,,
keep,Roblox,"Software Engineer, Account Authentication",https://jobright.ai/jobs/info/6a7c9f32d77e8156a8e32f9f,newgrad_jobs,new_grad_2027_start,Hybrid,"San Mateo, CA",2 hours ago,2026-08-20T18:02:59-04:00,core,cloud_swe,high,"fit_priority: hybrid Software Engineer, Account Authentication. Sponsorship=No is not a skip.",board_fields,dual_date,,https://careers.roblox.com/jobs/8097701?gh_jid=8097701,exact,greenhouse,"Software Engineer, Account Authentication",title overlap 1.00 on greenhouse board 'roblox' (227 postings)
later,Sapho Bio,GROWTH ENGINEER- Life Science,https://jobright.ai/jobs/info/6a865da22f4f0014cae29870,newgrad_jobs,new_grad_2027_start,On Site,"San Carlos, CA",20 hours ago,2026-08-20T18:02:59-04:00,practice,health_ai,medium,"fit_priority: GROWTH ENGINEER-Life Science is growth/GTM-adjacent, not core SWE/ML.",board_fields,n/a,,,,,,
later,SpaceXAI,Human Data - Business Operations Analyst,https://jobright.ai/jobs/info/6a8642184afae74a083445c0,newgrad_jobs,new_grad_2027_start,On Site,"Palo Alto, CA",4 hours ago,2026-08-20T18:02:59-04:00,practice,data_ml,medium,"fit_priority: Human Data - Business Operations Analyst is light ops analytics, not core SWE/ML.",board_fields,n/a,,,,,,
skip,Sprezzatura,Associate Java Developer,https://jobright.ai/jobs/info/6a8757bbcde3717f9e9b18d9,newgrad_jobs,new_grad_2027_start,Remote,United States,2 hours ago,2026-08-20T18:02:59-04:00,practice,cloud_swe,high,remote: work_model is Remote / United States.,board_fields,n/a,,,,,,
later,Stanford University,Research Data Analyst (12-Month Fixed-Term),https://jobright.ai/jobs/info/6a6920cab22f1b56a602ae49,newgrad_jobs,new_grad_2027_start,On Site,"Stanford, CA",18 hours ago,2026-08-20T18:02:59-04:00,broad,data_ml,medium,"fit_priority: 12-month Research Data Analyst is adjacent, not a new-grad SWE/ML role.",board_fields,either,,,,,,
skip,Strive Global Events,Data Analyst,https://jobright.ai/jobs/info/6a875241e8b6601d12902ed7,newgrad_jobs,new_grad_2027_start,Remote,United States,2 hours ago,2026-08-20T18:02:59-04:00,practice,data_ml,high,remote: work_model is Remote / United States (events-firm junior-analyst listing).,board_fields,n/a,,,,,,
keep,Tata Consultancy Services,AI Engineer,https://jobright.ai/jobs/info/6a60248db0f20036bc634e4d,newgrad_jobs,new_grad_2027_start,On Site,"Minneapolis, MN",9 hours ago,2026-08-20T18:02:59-04:00,core,data_ml,high,fit_priority: on-site AI Engineer.,board_fields,dual_date,,,none,,,
keep,Tennant Company,Machine Learning Engineer,https://jobright.ai/jobs/info/6a5ec279f29acc1a117496ab,newgrad_jobs,new_grad_2027_start,Hybrid,"Golden Valley, MN",5 hours ago,2026-08-20T18:02:59-04:00,core,data_ml,high,fit_priority: hybrid Machine Learning Engineer.,board_fields,dual_date,,,none,,,
keep,Tennant Company,Machine Learning Engineer Job Details | Tennant Company,https://jobright.ai/jobs/info/6a56a14bf7517b519ad571ba,newgrad_jobs,new_grad_2027_start,Hybrid,"Golden Valley, MN",5 hours ago,2026-08-20T18:02:59-04:00,core,data_ml,high,fit_priority: hybrid Machine Learning Engineer (distinct Jobright URL). Sponsorship=No is not a skip.,board_fields,dual_date,,,none,,,
skip,Thatch,"Data Scientist, Analytics",https://jobright.ai/jobs/info/6a737fe66a034212ea027ea6,newgrad_jobs,new_grad_2027_start,Remote,United States,1 day ago,2026-08-20T18:02:59-04:00,core,data_ml,high,remote: work_model is Remote / United States.,board_fields,n/a,,,,,,
keep,The Hartford,Associate Data and AI Engineer,https://jobright.ai/jobs/info/6a87364825fc4e7ae3dabf4e,newgrad_jobs,new_grad_2027_start,Hybrid,"Hartford, CT",22 hours ago,2026-08-20T18:02:59-04:00,core,data_ml,high,fit_priority: hybrid Associate Data and AI Engineer. Sponsorship=No is not a skip.,board_fields,dual_date,,,none,,,
later,TikTok,"Research Engineer/Scientist(all levels), Efficient Models",https://jobright.ai/jobs/info/6a254876d46c0f79960882ec,newgrad_jobs,new_grad_2027_start,On Site,"San Jose, CA",13 hours ago,2026-08-20T18:02:59-04:00,core,data_ml,medium,"fit_priority: Research Engineer/Scientist (all levels), Efficient Models may be PhD-leaning; board text is not PhD-only.",board_fields,either,,,,,,
keep,True Anomaly,"Platform Engineer, AI (Levels I, II, III)",https://jobright.ai/jobs/info/6a51e21902522b5b722ecfda,newgrad_jobs,new_grad_2027_start,Hybrid,"Denver, CO; Long Beach, CA",6 hours ago,2026-08-20T18:02:59-04:00,core,cloud_swe,high,"fit_priority: hybrid Platform Engineer, AI matches AI infra. Sponsorship=No is not a skip.",board_fields,dual_date,,,none,,,
keep,UL Solutions,Associate Data Scientist,https://jobright.ai/jobs/info/6a86225fcc81eb647e9f1b04,newgrad_jobs,new_grad_2027_start,Hybrid,"Northbrook, IL",20 hours ago,2026-08-20T18:02:59-04:00,core,data_ml,high,fit_priority: hybrid Associate Data Scientist. Sponsorship=No is not a skip.,board_fields,dual_date,,,none,,,
keep,Uber,"Data Scientist I, Tech",https://jobright.ai/jobs/info/6a7e2319e2030208f2767d92,newgrad_jobs,new_grad_2027_start,Hybrid,"San Francisco, CA",2 hours ago,2026-08-20T18:02:59-04:00,core,data_ml,high,"fit_priority: hybrid Data Scientist I, Tech.",board_fields,dual_date,,,none,,,
skip,University of Illinois Chicago,Clinical Research Data Coordinator - Cancer Center Clinical Trials Office,https://jobright.ai/jobs/info/6a8744234afae74a08347936,newgrad_jobs,new_grad_2027_start,On Site,"Chicago, IL",1 hour ago,2026-08-20T18:02:59-04:00,practice,health_ai,high,"non_target_role: Clinical Research Data Coordinator is clinical operations, not health-tech engineering. Sponsorship=No is not a skip.",board_fields,n/a,,,,,,
later,WHOOP,AI Product Specialist,https://jobright.ai/jobs/info/6a6a89e88693c23e7fb7b567,newgrad_jobs,new_grad_2027_start,On Site,"Boston, MA",11 hours ago,2026-08-20T18:02:59-04:00,practice,data_ml,medium,"fit_priority: AI Product Specialist is product-adjacent, not SWE/ML engineering. Sponsorship=No is not a skip.",board_fields,n/a,,,,,,
skip,Welocalize,Generative AI Analyst | Spanish (US),https://jobright.ai/jobs/info/6a865a852f4f0014cae297cf,newgrad_jobs,new_grad_2027_start,Remote,United States,20 hours ago,2026-08-20T18:02:59-04:00,practice,data_ml,high,remote: work_model is Remote / United States.,board_fields,n/a,,,,,,
keep,"iTradeNetwork, Inc.",AI/ML Software Engineer,https://jobright.ai/jobs/info/6a862163e459fa3baa8664ba,newgrad_jobs,new_grad_2027_start,Hybrid,"Charlotte, NC",1 day ago,2026-08-20T18:02:59-04:00,core,data_ml,high,fit_priority: hybrid AI/ML Software Engineer. Sponsorship=No is not a skip.,board_fields,dual_date,,,none,,,
