Job Title,Company Name,Location,Job URL,Applied Date,Status,Status Date,Archived,Date Archived,Notes,job_type
"Software Engineering Inter, MS, Summer 2027",Google,United States,https://www.google.com/about/careers/applications/dashboard,2026-07-24,APPLIED,2026-07-24,No,N/A,,Internship
"2027 Software Engineering Internship, Uber Career Prep",Uber,"San Francisco, CA, United States",https://iaziqy.fa.ocs.oraclecloud.com/hcmUI/CandidateExperience/en/sites/UberCareers/job/300697/apply/section/1/?jr_id=6a5e880e270e3033b045e811,2026-07-24,APPLIED,2026-07-24,No,N/A,,Internship
R&D Software Engineer Intern,Boston Scientific,"Roseville, MN, USA",https://bostonscientific.eightfold.ai/careers/job/563602808549558,N/A,SAVED,2026-01-28,Yes,2026-07-23,,Internship
R&D Systems Engineer Intern,Software Development Engineer Intern 2026 | Boston Scientific,Unknown Location,https://bostonscientific.eightfold.ai/careers/apply?domain=bostonscientific.com&pid=563602808714260&utm_source=jobright&utm_source=jobright,N/A,SAVED,2026-01-28,Yes,2026-07-23,,Internship
2026 Summer Corporate Intern,Caterpillar Inc.,"Chicago, IL, USA | Irving, TX, USA | Peoria, IL, USA",https://cat.wd5.myworkdayjobs.com/CaterpillarCareers/job/Chicago-Illinois/XMLNAME-2026-Summer-Corporate-Intern---Digital-and-Analytics_R0000345613,2026-01-28,APPLIED,2026-01-28,Yes,2026-07-23,,Full-time
Intern – Industrial Operations Software Engineer,"Publix Super Markets, Inc","Lakeland, FL, USA",https://sjobs.brassring.com/TGnewUI/Search/home/HomeWithPreLoad?jobid=1381249&PageType=JobDetails&partnerid=26173&siteid=5197#jobDetails=1381249_5197,N/A,SAVED,2026-01-28,Yes,2026-07-23,,Internship
Software Engineer  Intern,BambooHR,"Draper, UT, USA",https://job-boards.greenhouse.io/bamboohr17/jobs/5755725004,2026-01-28,APPLIED,2026-01-28,Yes,2026-07-23,,Internship
Software Development Intern,Fortinet,"Santa Clara, CA, USA",https://edel.fa.us2.oraclecloud.com/hcmUI/CandidateExperience/en/sites/CX_2001/job/21952,2026-01-28,APPLIED,2026-01-28,Yes,2026-07-23,,Internship
Intern - Software Engineer,Hunter Industries Brand,Unknown Location,https://recruiting2.ultipro.com/hun1007huind/JobBoard/9d4c9b3a-f0e0-45f2-8b3c-5fb03c6eb7f5/OpportunityDetail?opportunityId=e6026c8b-203f-46f8-9ef2-5e3eeab205e1,N/A,SAVED,2026-01-28,Yes,2026-07-23,,Internship
"WSP IT Intern, Berkeley Heights Office (2026 Summer)",Westfield,"Berkeley Heights, NJ, United States",https://fa-exdv-saasfaprod1.fa.ocs.oraclecloud.com/hcmUI/CandidateExperience/en/sites/Careers/job/11514/apply/section/1/?src=SNS-102,N/A,SAVED,2026-01-26,Yes,2026-07-23,,Internship
2026 JMP Summer Intern; Advanced Analytics Testing,JMP Statistical Discovery,"Morrisville, NC, USA",https://jmp-sas.icims.com/jobs/41235/job?mobile=true&needsRedirect=false,2026-01-26,APPLIED,2026-01-26,Yes,2026-07-23,,Internship
Data Center Infrastructure Engineer Intern,Amazon,"USA, MS, Canton",https://account.amazon.jobs/en-US/applicant/jobs/3159355/apply?cmpid=SPLICX0248M&ss=paid&utm_campaign=cxro&utm_content=job_posting&utm_medium=social_media&utm_source=jobright,N/A,SAVED,2026-01-25,Yes,2026-07-23,,Internship
Application Engineering Intern,Waystar,"Atlanta, GA, USA | Duluth, GA, USA | Lehi, UT, USA | Louisville, KY, USA",https://waystar.wd1.myworkdayjobs.com/Waystar/job/Atlanta-GA/Application-Engineering-Internship_R2767-1,N/A,SAVED,2026-01-24,Yes,2026-07-23,,Internship
"Intern, Security & Cloud Engineering",Lila Sciences,"Cambridge, MA USA",https://boards.greenhouse.io/embed/job_app?token=4034001009&utm_source=jobright,N/A,SAVED,2026-01-24,Yes,2026-07-23,,Internship
Software Developer Summer (Python) Intern 2026,Sentinel Group - Career Page,Remote,https://sentinelgroup.applytojob.com/apply/confirm/m6jwdQXD50?utm_source=Simplify,2026-01-25,APPLIED,2026-01-25,Yes,2026-07-23,,Internship
Software Developer Summer (Python) Intern 2026,Sentinel Group - Career Page,Remote,https://sentinelgroup.applytojob.com/apply/m6jwdQXD50/Software-Developer-Summer-Python-Intern-2026,N/A,SAVED,2026-01-24,Yes,2026-07-23,,Internship
Graduate Software Developer Intern,Virtru,"Washington, DC, USA",https://job-boards.greenhouse.io/virtru/jobs/4653402005,2026-01-26,APPLIED,2026-01-26,Yes,2026-07-23,,Internship
UF College Fair – Internship,Dark Wolf Solutions,"Tampa, FL, USA",https://job-boards.greenhouse.io/darkwolfsolutions/jobs/7597991003,2026-01-25,APPLIED,2026-01-25,Yes,2026-07-23,,Internship
